player_id,tournament_id,round_1_1,round_1_2,round_1_3,round_1_4,round_1_5,round_1_6,round_1_7,round_1_8,round_1_9,round_1_10,round_1_11,round_1_12,round_1_13,round_1_14,round_1_15,round_1_16,round_1_17,round_1_18,round_2_1,round_2_2,round_2_3,round_2_4,round_2_5,round_2_6,round_2_7,round_2_8,round_2_9,round_2_10,round_2_11,round_2_12,round_2_13,round_2_14,round_2_15,round_2_16,round_2_17,round_2_18,round_3_1,round_3_2,round_3_3,round_3_4,round_3_5,round_3_6,round_3_7,round_3_8,round_3_9,round_3_10,round_3_11,round_3_12,round_3_13,round_3_14,round_3_15,round_3_16,round_3_17,round_3_18,round_4_1,round_4_2,round_4_3,round_4_4,round_4_5,round_4_6,round_4_7,round_4_8,round_4_9,round_4_10,round_4_11,round_4_12,round_4_13,round_4_14,round_4_15,round_4_16,round_4_17,round_4_18,round_1_1_pts,round_1_2_pts,round_1_3_pts,round_1_4_pts,round_1_5_pts,round_1_6_pts,round_1_7_pts,round_1_8_pts,round_1_9_pts,round_1_10_pts,round_1_11_pts,round_1_12_pts,round_1_13_pts,round_1_14_pts,round_1_15_pts,round_1_16_pts,round_1_17_pts,round_1_18_pts,round_2_1_pts,round_2_2_pts,round_2_3_pts,round_2_4_pts,round_2_5_pts,round_2_6_pts,round_2_7_pts,round_2_8_pts,round_2_9_pts,round_2_10_pts,round_2_11_pts,round_2_12_pts,round_2_13_pts,round_2_14_pts,round_2_15_pts,round_2_16_pts,round_2_17_pts,round_2_18_pts,round_3_1_pts,round_3_2_pts,round_3_3_pts,round_3_4_pts,round_3_5_pts,round_3_6_pts,round_3_7_pts,round_3_8_pts,round_3_9_pts,round_3_10_pts,round_3_11_pts,round_3_12_pts,round_3_13_pts,round_3_14_pts,round_3_15_pts,round_3_16_pts,round_3_17_pts,round_3_18_pts,round_4_1_pts,round_4_2_pts,round_4_3_pts,round_4_4_pts,round_4_5_pts,round_4_6_pts,round_4_7_pts,round_4_8_pts,round_4_9_pts,round_4_10_pts,round_4_11_pts,round_4_12_pts,round_4_13_pts,round_4_14_pts,round_4_15_pts,round_4_16_pts,round_4_17_pts,round_4_18_pts
10046,401025265,3,3,4,4,4,3,5,3,4,4,3,5,4,4,2,4,5,4,3,3,4,4,4,3,3,3,4,4,4,4,5,4,2,4,4,4,4,2,4,4,4,2,5,3,3,4,2,3,5,4,3,4,4,3,3,2,6,4,4,3,4,4,5,4,3,3,4,4,3,4,5,4,birdie,par,birdie,par,par,par,bogie,birdie,par,par,par,bogie,birdie,par,birdie,par,par,par,birdie,par,birdie,par,par,par,birdie,birdie,par,par,bogie,par,par,par,birdie,par,birdie,par,par,birdie,birdie,par,par,birdie,bogie,birdie,birdie,par,birdie,birdie,par,par,par,par,birdie,birdie,birdie,birdie,bogie,par,par,par,par,par,bogie,par,par,birdie,birdie,par,par,par,par,par
2230,401025265,4,2,5,5,5,2,4,3,3,4,3,3,5,4,3,4,5,5,3,3,5,4,5,3,3,5,4,4,3,3,4,4,3,3,4,4,4,3,4,4,4,3,3,4,4,4,3,2,5,4,3,3,5,4,4,3,4,4,4,3,4,4,3,5,3,4,4,3,3,4,5,4,par,birdie,par,bogie,bogie,birdie,par,birdie,birdie,par,par,birdie,par,par,par,par,par,bogie,birdie,par,par,par,bogie,par,birdie,bogie,par,par,par,birdie,birdie,par,par,birdie,birdie,par,par,par,birdie,par,par,par,birdie,par,par,par,par,eagle,par,par,par,birdie,par,par,par,par,birdie,par,par,par,par,par,birdie,bogie,par,par,birdie,birdie,par,par,par,par
1651,401025265,4,2,5,4,4,3,4,4,4,5,3,4,4,4,3,4,4,4,3,4,4,4,4,3,4,5,4,3,3,4,4,4,3,4,5,4,4,2,5,4,4,3,4,4,4,3,3,3,5,3,2,4,4,4,4,3,5,4,3,3,4,4,4,4,3,4,4,4,3,4,4,4,par,birdie,par,par,par,par,par,par,par,bogie,par,par,birdie,par,par,par,birdie,par,birdie,bogie,birdie,par,par,par,par,bogie,par,birdie,par,par,birdie,par,par,par,par,par,par,birdie,par,par,par,par,par,par,par,birdie,par,birdie,par,birdie,birdie,par,birdie,par,par,par,par,par,birdie,par,par,par,par,par,par,par,birdie,par,par,par,birdie,par
9131,401025265,3,3,5,4,4,3,4,4,4,4,2,3,5,4,3,4,6,4,4,3,5,4,4,2,3,5,4,4,3,3,5,4,2,4,5,4,4,3,4,3,3,2,4,4,4,3,3,5,5,3,3,3,5,4,3,3,5,4,4,2,4,5,4,3,4,4,4,5,2,4,5,4,birdie,par,par,par,par,par,par,par,par,par,birdie,birdie,par,par,par,par,bogie,par,par,par,par,par,par,birdie,birdie,bogie,par,par,par,birdie,par,par,birdie,par,par,par,par,par,birdie,birdie,birdie,birdie,par,par,par,birdie,par,bogie,par,birdie,par,birdie,par,par,birdie,par,par,par,par,birdie,par,bogie,par,birdie,bogie,par,birdie,bogie,birdie,par,par,par
962,401025265,4,3,5,4,5,3,4,4,4,4,3,3,5,3,2,3,5,4,3,2,4,4,4,3,4,5,4,4,3,3,4,5,3,4,4,4,4,3,5,4,5,2,4,3,5,4,2,4,6,4,3,4,6,4,4,3,3,3,4,3,3,4,4,4,3,4,4,4,3,4,4,4,par,par,par,par,bogie,par,par,par,par,par,par,birdie,par,birdie,birdie,birdie,par,par,birdie,birdie,birdie,par,par,par,par,bogie,par,par,par,birdie,birdie,bogie,par,par,birdie,par,par,par,par,par,bogie,birdie,par,birdie,bogie,par,birdie,par,bogie,par,par,par,bogie,par,par,par,eagle,birdie,par,par,birdie,par,par,par,par,par,birdie,par,par,par,birdie,par
10577,401025265,4,3,5,4,5,3,5,4,4,4,4,3,4,3,3,4,4,4,5,2,6,3,5,2,5,5,4,3,3,3,5,4,3,3,4,3,4,3,4,4,4,3,3,3,4,3,3,4,5,4,3,4,4,5,3,2,5,4,4,3,4,4,4,3,2,4,4,3,3,5,6,4,par,par,par,par,bogie,par,bogie,par,par,par,bogie,birdie,birdie,birdie,par,par,birdie,par,bogie,birdie,bogie,birdie,bogie,birdie,bogie,bogie,par,birdie,par,birdie,par,par,par,birdie,birdie,birdie,par,par,birdie,par,par,par,birdie,birdie,par,birdie,par,par,par,par,par,par,birdie,bogie,birdie,birdie,par,par,par,par,par,par,par,birdie,birdie,par,birdie,birdie,par,bogie,bogie,par
388,401025265,3,3,5,4,4,2,4,5,4,4,3,4,4,4,2,6,4,4,3,3,5,4,3,3,3,4,3,5,3,3,4,3,3,4,4,4,3,4,5,4,3,3,4,3,5,5,5,4,5,4,2,4,4,3,4,3,5,4,4,3,3,5,5,4,3,4,5,4,2,4,3,4,birdie,par,par,par,par,birdie,par,bogie,par,par,par,par,birdie,par,birdie,double,birdie,par,birdie,par,par,par,birdie,par,birdie,par,birdie,bogie,par,birdie,birdie,birdie,par,par,birdie,par,birdie,bogie,par,par,birdie,par,par,birdie,bogie,bogie,double,par,par,par,birdie,par,birdie,birdie,par,par,par,par,par,par,birdie,bogie,bogie,par,par,par,par,par,birdie,par,eagle,par
4848,401025265,4,3,5,4,4,2,5,4,4,4,3,3,5,3,2,4,5,5,4,3,4,4,5,2,4,4,5,4,2,3,4,4,3,4,4,4,4,2,4,3,4,4,4,5,4,5,3,3,4,4,3,4,5,4,4,3,4,4,4,3,4,4,5,4,3,4,4,4,2,4,4,4,par,par,par,par,par,birdie,bogie,par,par,par,par,birdie,par,birdie,birdie,par,par,bogie,par,par,birdie,par,bogie,birdie,par,par,bogie,par,birdie,birdie,birdie,par,par,par,birdie,par,par,birdie,birdie,birdie,par,bogie,par,bogie,par,bogie,par,birdie,birdie,par,par,par,par,par,par,par,birdie,par,par,par,par,par,bogie,par,par,par,birdie,par,birdie,par,birdie,par
6798,401025265,4,3,5,5,4,3,3,4,3,4,4,4,4,4,2,4,3,4,3,4,5,3,5,3,4,4,4,4,3,3,3,4,3,3,4,3,4,3,4,4,5,3,4,4,5,4,3,4,5,5,3,4,4,4,4,3,4,4,3,3,4,4,4,4,4,3,4,5,3,4,5,4,par,par,par,bogie,par,par,birdie,par,birdie,par,bogie,par,birdie,par,birdie,par,eagle,par,birdie,bogie,par,birdie,bogie,par,par,par,par,par,par,birdie,eagle,par,par,birdie,birdie,birdie,par,par,birdie,par,bogie,par,par,par,bogie,par,par,par,par,bogie,par,par,birdie,par,par,par,birdie,par,birdie,par,par,par,par,par,bogie,birdie,birdie,bogie,par,par,par,par
6007,401025265,4,3,3,3,5,3,4,5,5,3,3,3,5,4,3,4,4,5,4,3,5,4,4,3,4,5,4,4,3,3,4,3,2,4,4,4,4,4,5,4,3,3,4,4,4,4,3,3,5,3,3,4,4,4,4,3,5,4,4,3,3,4,4,5,3,3,5,4,3,4,5,3,par,par,eagle,birdie,bogie,par,par,bogie,bogie,birdie,par,birdie,par,par,par,par,birdie,bogie,par,par,par,par,par,par,par,bogie,par,par,par,birdie,birdie,birdie,birdie,par,birdie,par,par,bogie,par,par,birdie,par,par,par,par,par,par,birdie,par,birdie,par,par,birdie,par,par,par,par,par,par,par,birdie,par,par,bogie,par,birdie,par,par,par,par,par,birdie
1626,401025265,3,3,4,3,4,3,3,4,6,3,2,6,5,4,2,4,4,5,4,3,6,5,5,2,4,5,4,4,4,4,5,3,3,4,4,4,3,3,6,4,4,3,3,3,4,4,2,4,4,4,2,4,6,4,4,3,4,4,4,3,3,4,4,3,2,4,6,4,3,4,4,3,birdie,par,birdie,birdie,par,par,birdie,par,double,birdie,birdie,double,par,par,birdie,par,birdie,bogie,par,par,bogie,bogie,bogie,birdie,par,bogie,par,par,bogie,par,par,birdie,par,par,birdie,par,birdie,par,bogie,par,par,par,birdie,birdie,par,par,birdie,par,birdie,par,birdie,par,bogie,par,par,par,birdie,par,par,par,birdie,par,par,birdie,birdie,par,bogie,par,par,par,birdie,birdie
3448,401025265,4,2,5,4,3,2,4,4,4,3,3,3,4,4,3,3,8,4,7,3,4,4,3,2,4,4,5,3,3,3,4,4,3,3,4,4,3,3,5,4,4,3,4,6,3,5,3,5,5,4,2,5,5,3,4,3,5,4,4,3,5,4,3,3,2,4,5,3,3,4,5,4,par,birdie,par,par,birdie,birdie,par,par,par,birdie,par,birdie,birdie,par,par,birdie,double,par,double,par,birdie,par,birdie,birdie,par,par,bogie,birdie,par,birdie,birdie,par,par,birdie,birdie,par,birdie,par,par,par,par,par,par,double,birdie,bogie,par,bogie,par,par,birdie,bogie,par,birdie,par,par,par,par,par,par,bogie,par,birdie,birdie,birdie,par,par,birdie,par,par,par,par
1042,401025265,4,3,4,3,5,3,5,4,4,4,3,3,5,4,3,4,4,4,4,3,5,3,3,3,5,3,4,3,3,5,4,4,3,4,5,4,3,3,4,4,3,3,6,5,4,4,3,3,5,5,2,4,4,3,4,3,4,3,3,4,5,4,4,4,3,4,4,5,2,4,5,4,par,par,birdie,birdie,bogie,par,bogie,par,par,par,par,birdie,par,par,par,par,birdie,par,par,par,par,birdie,birdie,par,bogie,birdie,par,birdie,par,bogie,birdie,par,par,par,par,par,birdie,par,birdie,par,birdie,par,double,bogie,par,par,par,birdie,par,bogie,birdie,par,birdie,birdie,par,par,birdie,birdie,birdie,bogie,bogie,par,par,par,par,par,birdie,bogie,birdie,par,par,par
5548,401025265,4,3,4,5,4,4,4,4,4,4,3,4,6,3,3,3,5,4,3,2,5,4,4,3,4,4,4,4,3,3,4,3,2,4,4,5,4,3,5,4,4,4,3,4,4,3,3,3,6,4,2,3,5,4,4,3,4,4,4,3,4,5,4,5,3,4,5,4,2,4,4,4,par,par,birdie,bogie,par,bogie,par,par,par,par,par,par,bogie,birdie,par,birdie,par,par,birdie,birdie,par,par,par,par,par,par,par,par,par,birdie,birdie,birdie,birdie,par,birdie,bogie,par,par,par,par,par,bogie,birdie,par,par,birdie,par,birdie,bogie,par,birdie,birdie,par,par,par,par,birdie,par,par,par,par,bogie,par,bogie,par,par,par,par,birdie,par,birdie,par
318,401025265,4,3,5,3,5,3,4,3,3,4,3,4,4,4,3,3,5,4,5,3,6,5,4,4,4,4,4,4,2,4,5,5,3,4,5,4,3,2,6,3,4,3,4,4,5,4,3,3,4,4,3,4,4,3,3,2,5,4,4,3,4,4,4,4,4,4,5,3,3,3,4,4,par,par,par,birdie,bogie,par,par,birdie,birdie,par,par,par,birdie,par,par,birdie,par,par,bogie,par,bogie,bogie,par,bogie,par,par,par,par,birdie,par,par,bogie,par,par,par,par,birdie,birdie,bogie,birdie,par,par,par,par,bogie,par,par,birdie,birdie,par,par,par,birdie,birdie,birdie,birdie,par,par,par,par,par,par,par,par,bogie,par,par,birdie,par,birdie,birdie,par
1030,401025265,3,3,4,4,4,4,5,3,4,4,2,4,5,4,3,4,4,3,4,3,5,3,4,3,4,6,3,4,3,4,4,4,3,4,4,3,4,3,5,4,5,3,4,5,3,5,3,4,5,4,3,4,4,4,3,3,5,4,4,3,4,4,4,3,3,4,5,3,3,4,4,5,birdie,par,birdie,par,par,bogie,bogie,birdie,par,par,birdie,par,par,par,par,par,birdie,birdie,par,par,par,birdie,par,par,par,double,birdie,par,par,par,birdie,par,par,par,birdie,birdie,par,par,par,par,bogie,par,par,bogie,birdie,bogie,par,par,par,par,par,par,birdie,par,birdie,par,par,par,par,par,par,par,par,birdie,par,par,par,birdie,par,par,birdie,bogie
9025,401025265,3,2,5,5,4,3,4,4,4,4,3,4,5,4,3,4,4,4,3,3,5,4,5,3,4,4,5,4,3,5,4,4,2,3,5,4,5,2,5,4,4,3,4,4,6,4,3,3,5,4,2,3,3,4,4,3,5,4,4,3,3,4,4,4,2,4,5,4,3,4,4,4,birdie,birdie,par,bogie,par,par,par,par,par,par,par,par,par,par,par,par,birdie,par,birdie,par,par,par,bogie,par,par,par,bogie,par,par,bogie,birdie,par,birdie,birdie,par,par,bogie,birdie,par,par,par,par,par,par,double,par,par,birdie,par,par,birdie,birdie,eagle,par,par,par,par,par,par,par,birdie,par,par,par,birdie,par,par,par,par,par,birdie,par
5860,401025265,3,3,5,4,5,3,4,4,4,4,2,3,4,4,3,4,4,4,4,3,5,4,4,3,5,6,3,5,4,4,5,3,3,4,4,4,4,2,5,4,3,2,4,4,4,4,4,3,5,4,2,4,5,4,4,3,4,4,4,4,4,4,5,3,3,4,4,4,2,4,4,4,birdie,par,par,par,bogie,par,par,par,par,par,birdie,birdie,birdie,par,par,par,birdie,par,par,par,par,par,par,par,bogie,double,birdie,bogie,bogie,par,par,birdie,par,par,birdie,par,par,birdie,par,par,birdie,birdie,par,par,par,par,bogie,birdie,par,par,birdie,par,par,par,par,par,birdie,par,par,bogie,par,par,bogie,birdie,par,par,birdie,par,birdie,par,birdie,par
308,401025265,4,2,4,4,5,4,4,4,4,3,2,4,5,4,3,4,4,4,3,3,5,4,4,3,5,5,3,3,2,3,6,3,3,4,5,4,4,2,5,4,3,5,4,4,5,4,3,3,4,3,3,3,5,4,5,3,5,4,4,4,3,5,4,4,3,3,5,4,3,3,5,4,par,birdie,birdie,par,bogie,bogie,par,par,par,birdie,birdie,par,par,par,par,par,birdie,par,birdie,par,par,par,par,par,bogie,bogie,birdie,birdie,birdie,birdie,bogie,birdie,par,par,par,par,par,birdie,par,par,birdie,double,par,par,bogie,par,par,birdie,birdie,birdie,par,birdie,par,par,bogie,par,par,par,par,bogie,birdie,bogie,par,par,par,birdie,par,par,par,birdie,par,par
5553,401025265,3,3,5,4,4,2,4,4,4,4,3,3,5,4,4,4,5,4,4,3,5,4,4,3,5,4,4,4,3,3,5,4,2,4,5,4,3,3,5,4,4,3,4,5,5,4,3,4,5,4,3,4,6,4,3,3,4,4,4,3,4,3,3,4,3,3,4,4,2,4,5,4,birdie,par,par,par,par,birdie,par,par,par,par,par,birdie,par,par,bogie,par,par,par,par,par,par,par,par,par,bogie,par,par,par,par,birdie,par,par,birdie,par,par,par,birdie,par,par,par,par,par,par,bogie,bogie,par,par,par,par,par,par,par,bogie,par,birdie,par,birdie,par,par,par,par,birdie,birdie,par,par,birdie,birdie,par,birdie,par,par,par
5539,401025265,4,3,5,3,4,3,5,4,4,4,3,4,4,3,3,3,4,4,4,3,5,4,4,3,5,4,3,4,2,3,4,4,3,3,6,4,4,2,4,6,4,4,4,4,4,5,4,4,4,4,3,4,4,5,4,3,5,4,3,3,4,4,3,4,3,4,5,4,2,4,4,5,par,par,par,birdie,par,par,bogie,par,par,par,par,par,birdie,birdie,par,birdie,birdie,par,par,par,par,par,par,par,bogie,par,birdie,par,birdie,birdie,birdie,par,par,birdie,bogie,par,par,birdie,birdie,double,par,bogie,par,par,par,bogie,bogie,par,birdie,par,par,par,birdie,bogie,par,par,par,par,birdie,par,par,par,birdie,par,par,par,par,par,birdie,par,birdie,bogie
205,401025265,4,4,5,4,3,3,5,3,4,4,3,4,5,3,3,4,4,4,4,4,4,4,4,3,5,4,3,5,3,4,5,4,3,3,5,3,4,2,5,4,4,2,3,4,3,4,3,5,5,4,3,4,4,4,3,3,5,4,5,2,4,4,5,4,3,3,5,3,2,5,5,5,par,bogie,par,par,birdie,par,bogie,birdie,par,par,par,par,par,birdie,par,par,birdie,par,par,bogie,birdie,par,par,par,bogie,par,birdie,bogie,par,par,par,par,par,birdie,par,birdie,par,birdie,par,par,par,birdie,birdie,par,birdie,par,par,bogie,par,par,par,par,birdie,par,birdie,par,par,par,bogie,birdie,par,par,bogie,par,par,birdie,par,birdie,birdie,bogie,par,bogie
1680,401025265,4,3,5,4,4,3,4,4,5,4,3,3,4,4,3,4,5,5,3,3,5,4,4,3,3,3,3,4,3,4,4,3,3,3,5,6,3,3,4,4,4,3,4,4,4,4,4,4,5,3,3,4,4,4,3,3,5,3,4,3,5,4,4,5,4,4,5,5,3,4,4,3,par,par,par,par,par,par,par,par,bogie,par,par,birdie,birdie,par,par,par,par,bogie,birdie,par,par,par,par,par,birdie,birdie,birdie,par,par,par,birdie,birdie,par,birdie,par,double,birdie,par,birdie,par,par,par,par,par,par,par,bogie,par,par,birdie,par,par,birdie,par,birdie,par,par,birdie,par,par,bogie,par,par,bogie,bogie,par,par,bogie,par,par,birdie,birdie
769,401025265,4,3,4,4,5,4,3,4,4,4,3,5,5,3,3,4,4,5,4,2,5,3,3,3,4,5,4,4,4,3,4,3,3,3,5,4,4,3,4,4,3,3,4,4,4,4,3,4,5,4,2,3,5,4,4,3,4,4,4,4,4,4,5,4,2,4,5,4,4,4,5,4,par,par,birdie,par,bogie,bogie,birdie,par,par,par,par,bogie,par,birdie,par,par,birdie,bogie,par,birdie,par,birdie,birdie,par,par,bogie,par,par,bogie,birdie,birdie,birdie,par,birdie,par,par,par,par,birdie,par,birdie,par,par,par,par,par,par,par,par,par,birdie,birdie,par,par,par,par,birdie,par,par,bogie,par,par,bogie,par,birdie,par,par,par,bogie,par,par,par
3599,401025265,3,3,6,5,4,2,5,4,3,4,3,3,4,3,3,4,5,4,4,3,5,4,5,2,5,4,4,4,3,4,5,4,3,4,4,4,3,3,4,5,4,3,4,4,5,4,3,4,5,4,3,3,4,3,4,2,4,3,4,4,4,4,5,4,3,3,5,4,3,4,5,5,birdie,par,bogie,bogie,par,birdie,bogie,par,birdie,par,par,birdie,birdie,birdie,par,par,par,par,par,par,par,par,bogie,birdie,bogie,par,par,par,par,par,par,par,par,par,birdie,par,birdie,par,birdie,bogie,par,par,par,par,bogie,par,par,par,par,par,par,birdie,birdie,birdie,par,birdie,birdie,birdie,par,bogie,par,par,bogie,par,par,birdie,par,par,par,par,par,bogie
5579,401025265,3,3,4,4,5,3,4,5,4,4,3,3,5,4,3,4,4,4,4,2,5,4,4,3,4,4,5,5,3,3,5,4,3,4,4,5,4,3,4,4,4,3,4,4,4,5,2,3,4,5,3,4,4,3,4,3,4,4,4,4,3,5,4,5,3,4,4,4,2,3,5,5,birdie,par,birdie,par,bogie,par,par,bogie,par,par,par,birdie,par,par,par,par,birdie,par,par,birdie,par,par,par,par,par,par,bogie,bogie,par,birdie,par,par,par,par,birdie,bogie,par,par,birdie,par,par,par,par,par,par,bogie,birdie,birdie,birdie,bogie,par,par,birdie,birdie,par,par,birdie,par,par,bogie,birdie,bogie,par,bogie,par,par,birdie,par,birdie,birdie,par,bogie
5467,401025265,4,3,4,3,5,2,4,4,4,4,4,4,5,3,3,4,5,5,4,2,5,4,3,4,4,4,4,3,2,4,4,4,3,4,5,7,5,3,4,4,4,3,3,3,4,4,3,3,4,4,2,3,4,4,4,3,6,6,4,4,4,4,4,4,2,4,4,5,2,5,4,4,par,par,birdie,birdie,bogie,birdie,par,par,par,par,bogie,par,par,birdie,par,par,par,bogie,par,birdie,par,par,birdie,bogie,par,par,par,birdie,birdie,par,birdie,par,par,par,par,double,bogie,par,birdie,par,par,par,birdie,birdie,par,par,par,birdie,birdie,par,birdie,birdie,birdie,par,par,par,bogie,double,par,bogie,par,par,par,par,birdie,par,birdie,bogie,birdie,bogie,birdie,par
1359,401025265,5,3,3,3,3,3,4,4,3,4,3,4,5,4,3,4,4,4,4,2,5,4,4,2,4,4,4,4,4,3,4,4,3,4,5,5,4,3,5,4,5,3,4,4,4,5,3,3,5,5,3,4,4,4,4,4,5,3,3,4,4,5,4,5,2,3,5,3,3,4,6,4,bogie,par,eagle,birdie,birdie,par,par,par,birdie,par,par,par,par,par,par,par,birdie,par,par,birdie,par,par,par,birdie,par,par,par,par,bogie,birdie,birdie,par,par,par,par,bogie,par,par,par,par,bogie,par,par,par,par,bogie,par,birdie,par,bogie,par,par,birdie,par,par,bogie,par,birdie,birdie,bogie,par,bogie,par,bogie,birdie,birdie,par,birdie,par,par,bogie,par
1778,401025265,4,3,5,4,5,3,4,3,4,4,3,4,6,4,2,4,5,4,4,3,6,3,4,3,4,4,5,4,3,4,4,4,3,3,5,4,4,3,5,4,5,3,4,3,3,3,3,4,4,4,3,4,4,3,4,3,5,5,4,3,3,5,5,4,3,4,4,4,3,4,4,4,par,par,par,par,bogie,par,par,birdie,par,par,par,par,bogie,par,birdie,par,par,par,par,par,bogie,birdie,par,par,par,par,bogie,par,par,par,birdie,par,par,birdie,par,par,par,par,par,par,bogie,par,par,birdie,birdie,birdie,par,par,birdie,par,par,par,birdie,birdie,par,par,par,bogie,par,par,birdie,bogie,bogie,par,par,par,birdie,par,par,par,birdie,par
1614,401025265,3,3,4,4,4,3,4,5,5,5,3,4,5,4,3,4,5,3,4,2,5,4,5,3,3,4,4,4,3,2,5,4,3,4,4,3,3,3,5,4,4,3,4,3,4,4,3,3,5,4,3,5,5,4,4,3,5,5,5,3,3,4,4,5,3,4,5,4,3,4,4,4,birdie,par,birdie,par,par,par,par,bogie,bogie,bogie,par,par,par,par,par,par,par,birdie,par,birdie,par,par,bogie,par,birdie,par,par,par,par,eagle,par,par,par,par,birdie,birdie,birdie,par,par,par,par,par,par,birdie,par,par,par,birdie,par,par,par,bogie,par,par,par,par,par,bogie,bogie,par,birdie,par,par,bogie,par,par,par,par,par,par,birdie,par
7001,401025265,3,2,4,4,4,3,4,4,4,5,3,4,5,4,3,4,5,4,4,3,4,5,4,3,4,5,5,3,3,4,4,4,2,4,4,4,3,3,4,4,4,2,5,5,4,4,2,4,4,3,3,4,5,5,4,3,5,4,4,3,4,4,4,4,2,5,5,5,4,5,4,3,birdie,birdie,birdie,par,par,par,par,par,par,bogie,par,par,par,par,par,par,par,par,par,par,birdie,bogie,par,par,par,bogie,bogie,birdie,par,par,birdie,par,birdie,par,birdie,par,birdie,par,birdie,par,par,birdie,bogie,bogie,par,par,birdie,par,birdie,birdie,par,par,par,bogie,par,par,par,par,par,par,par,par,par,par,birdie,bogie,par,bogie,bogie,bogie,birdie,birdie
3378,401025265,4,3,5,4,4,3,6,5,4,4,2,2,6,4,3,3,5,3,3,3,4,5,4,2,4,4,4,5,3,4,5,4,2,4,5,4,4,3,5,4,4,3,5,4,3,4,2,4,5,3,3,3,5,3,3,3,5,4,4,3,3,5,4,5,3,5,4,4,3,4,5,5,par,par,par,par,par,par,double,bogie,par,par,birdie,eagle,bogie,par,par,birdie,par,birdie,birdie,par,birdie,bogie,par,birdie,par,par,par,bogie,par,par,par,par,birdie,par,par,par,par,par,par,par,par,par,bogie,par,birdie,par,birdie,par,par,birdie,par,birdie,par,birdie,birdie,par,par,par,par,par,birdie,bogie,par,bogie,par,bogie,birdie,par,par,par,par,bogie
1293,401025265,4,3,5,4,4,3,5,4,4,4,3,4,5,4,3,3,4,5,4,3,4,3,4,2,4,4,4,4,3,3,5,4,3,4,5,3,3,2,4,4,5,3,4,5,4,4,3,4,5,4,3,3,4,4,4,3,5,4,4,4,6,5,4,3,2,4,4,4,3,5,4,5,par,par,par,par,par,par,bogie,par,par,par,par,par,par,par,par,birdie,birdie,bogie,par,par,birdie,birdie,par,birdie,par,par,par,par,par,birdie,par,par,par,par,par,birdie,birdie,birdie,birdie,par,bogie,par,par,bogie,par,par,par,par,par,par,par,birdie,birdie,par,par,par,par,par,par,bogie,double,bogie,par,birdie,birdie,par,birdie,par,par,bogie,birdie,bogie
3950,401025265,4,3,3,4,5,3,4,4,4,4,3,4,5,3,2,4,4,4,4,5,6,4,5,3,4,5,4,4,3,3,5,4,3,3,5,3,3,2,5,4,4,3,4,4,3,5,3,5,5,4,3,4,7,4,4,3,5,4,4,3,4,4,5,3,2,3,4,3,3,4,5,4,par,par,eagle,par,bogie,par,par,par,par,par,par,par,par,birdie,birdie,par,birdie,par,par,double,bogie,par,bogie,par,par,bogie,par,par,par,birdie,par,par,par,birdie,par,birdie,birdie,birdie,par,par,par,par,par,par,birdie,bogie,par,bogie,par,par,par,par,double,par,par,par,par,par,par,par,par,par,bogie,birdie,birdie,birdie,birdie,birdie,par,par,par,par
3351,401025265,4,3,5,4,5,3,5,4,4,5,3,4,5,3,3,3,5,5,4,3,5,4,4,4,4,3,5,4,3,3,5,3,2,3,6,4,4,2,5,4,4,3,5,4,5,4,2,3,4,5,3,4,5,4,4,3,4,4,4,2,3,4,4,4,3,4,4,4,2,5,5,4,par,par,par,par,bogie,par,bogie,par,par,bogie,par,par,par,birdie,par,birdie,par,bogie,par,par,par,par,par,bogie,par,birdie,bogie,par,par,birdie,par,birdie,birdie,birdie,bogie,par,par,birdie,par,par,par,par,bogie,par,bogie,par,birdie,birdie,birdie,bogie,par,par,par,par,par,par,birdie,par,par,birdie,birdie,par,par,par,par,par,birdie,par,birdie,bogie,par,par
6001,401025265,4,4,4,4,4,3,5,4,4,4,3,3,4,5,3,4,5,4,4,3,4,4,4,3,5,3,5,5,3,4,5,4,3,4,4,4,4,3,5,4,4,3,5,4,4,4,3,3,5,4,2,4,5,4,3,3,5,4,4,3,3,4,4,4,3,4,4,3,3,4,5,4,par,bogie,birdie,par,par,par,bogie,par,par,par,par,birdie,birdie,bogie,par,par,par,par,par,par,birdie,par,par,par,bogie,birdie,bogie,bogie,par,par,par,par,par,par,birdie,par,par,par,par,par,par,par,bogie,par,par,par,par,birdie,par,par,birdie,par,par,par,birdie,par,par,par,par,par,birdie,par,par,par,par,par,birdie,birdie,par,par,par,par
780,401025265,4,3,5,4,4,3,3,4,5,4,3,4,6,4,3,4,4,4,4,4,5,4,3,3,4,4,4,4,3,3,4,3,2,5,4,4,4,3,5,5,4,3,4,4,4,5,3,3,5,4,3,4,4,4,4,3,5,4,4,3,4,4,3,6,4,3,5,4,3,4,4,3,par,par,par,par,par,par,birdie,par,bogie,par,par,par,bogie,par,par,par,birdie,par,par,bogie,par,par,birdie,par,par,par,par,par,par,birdie,birdie,birdie,birdie,bogie,birdie,par,par,par,par,bogie,par,par,par,par,par,bogie,par,birdie,par,par,par,par,birdie,par,par,par,par,par,par,par,par,par,birdie,double,bogie,birdie,par,par,par,par,birdie,birdie
1676,401025265,3,2,4,4,4,3,4,4,4,4,3,3,5,4,3,3,4,5,3,3,4,3,4,4,4,4,3,4,4,4,5,3,3,4,4,3,4,4,5,3,5,3,4,4,4,5,3,4,5,5,2,4,5,4,3,4,6,6,4,4,4,5,4,4,3,3,5,3,3,5,4,4,birdie,birdie,birdie,par,par,par,par,par,par,par,par,birdie,par,par,par,birdie,birdie,bogie,birdie,par,birdie,birdie,par,bogie,par,par,birdie,par,bogie,par,par,birdie,par,par,birdie,birdie,par,bogie,par,birdie,bogie,par,par,par,par,bogie,par,par,par,bogie,birdie,par,par,par,birdie,bogie,bogie,double,par,bogie,par,bogie,par,par,par,birdie,par,birdie,par,bogie,birdie,par
4513,401025265,3,4,4,5,4,3,5,4,4,4,3,4,4,4,3,4,4,4,4,3,5,4,3,3,4,3,4,4,3,5,5,4,2,4,5,4,3,2,4,4,4,3,3,4,4,4,3,3,4,3,3,4,4,3,4,3,6,6,3,4,5,5,6,4,3,4,5,4,3,4,4,5,birdie,bogie,birdie,bogie,par,par,bogie,par,par,par,par,par,birdie,par,par,par,birdie,par,par,par,par,par,birdie,par,par,birdie,par,par,par,bogie,par,par,birdie,par,par,par,birdie,birdie,birdie,par,par,par,birdie,par,par,par,par,birdie,birdie,birdie,par,par,birdie,birdie,par,par,bogie,double,birdie,bogie,bogie,bogie,double,par,par,par,par,par,par,par,birdie,bogie
3317,401025265,4,3,4,5,4,4,5,4,3,4,3,4,5,4,2,4,4,5,4,4,6,3,4,2,4,4,4,4,3,4,5,3,2,3,5,5,4,2,5,4,5,4,4,5,4,5,3,5,4,4,2,5,5,3,4,4,5,4,4,3,4,4,3,4,2,4,5,4,2,3,4,4,par,par,birdie,bogie,par,bogie,bogie,par,birdie,par,par,par,par,par,birdie,par,birdie,bogie,par,bogie,bogie,birdie,par,birdie,par,par,par,par,par,par,par,birdie,birdie,birdie,par,bogie,par,birdie,par,par,bogie,bogie,par,bogie,par,bogie,par,bogie,birdie,par,birdie,bogie,par,birdie,par,bogie,par,par,par,par,par,par,birdie,par,birdie,par,par,par,birdie,birdie,birdie,par
686,401025265,3,3,4,4,5,3,4,6,4,4,3,3,5,5,3,4,5,4,4,2,5,6,4,4,4,3,4,3,3,5,5,3,2,3,5,3,4,3,5,3,4,3,3,5,3,4,3,4,6,5,4,3,5,4,4,3,6,4,3,3,3,4,3,3,3,5,5,4,3,4,5,4,birdie,par,birdie,par,bogie,par,par,double,par,par,par,birdie,par,bogie,par,par,par,par,par,birdie,par,double,par,bogie,par,birdie,par,birdie,par,bogie,par,birdie,birdie,birdie,par,birdie,par,par,par,birdie,par,par,birdie,bogie,birdie,par,par,par,bogie,bogie,bogie,birdie,par,par,par,par,bogie,par,birdie,par,birdie,par,birdie,birdie,par,bogie,par,par,par,par,par,par
707,401025265,5,3,6,6,3,3,4,4,4,5,4,3,5,4,2,4,4,4,3,3,5,4,3,3,4,4,4,4,3,3,5,4,3,4,5,4,4,3,5,3,4,3,5,4,3,4,4,3,5,4,3,4,4,4,3,3,4,5,4,3,4,5,4,4,3,4,5,5,2,4,4,4,bogie,par,bogie,double,birdie,par,par,par,par,bogie,bogie,birdie,par,par,birdie,par,birdie,par,birdie,par,par,par,birdie,par,par,par,par,par,par,birdie,par,par,par,par,par,par,par,par,par,birdie,par,par,bogie,par,birdie,par,bogie,birdie,par,par,par,par,birdie,par,birdie,par,birdie,bogie,par,par,par,bogie,par,par,par,par,par,bogie,birdie,par,birdie,par
462,401025265,4,4,4,4,5,3,4,4,4,4,3,4,5,4,3,4,4,4,4,3,5,4,4,3,3,4,4,4,3,4,4,4,4,4,5,5,4,3,5,4,4,2,4,4,4,4,3,4,5,3,3,4,5,3,4,2,5,4,4,3,4,4,4,4,3,4,5,3,4,4,5,4,par,bogie,birdie,par,bogie,par,par,par,par,par,par,par,par,par,par,par,birdie,par,par,par,par,par,par,par,birdie,par,par,par,par,par,birdie,par,bogie,par,par,bogie,par,par,par,par,par,birdie,par,par,par,par,par,par,par,birdie,par,par,par,birdie,par,birdie,par,par,par,par,par,par,par,par,par,par,par,birdie,bogie,par,par,par
6991,401025265,4,4,5,4,4,2,4,4,4,4,3,4,4,4,3,4,4,4,3,4,5,4,3,3,4,3,4,4,3,3,5,4,3,4,5,4,4,3,5,4,4,4,4,5,4,4,3,4,5,4,3,4,4,4,3,4,5,4,4,4,4,4,4,3,3,4,5,5,2,4,5,4,par,bogie,par,par,par,birdie,par,par,par,par,par,par,birdie,par,par,par,birdie,par,birdie,bogie,par,par,birdie,par,par,birdie,par,par,par,birdie,par,par,par,par,par,par,par,par,par,par,par,bogie,par,bogie,par,par,par,par,par,par,par,par,birdie,par,birdie,bogie,par,par,par,bogie,par,par,par,birdie,par,par,par,bogie,birdie,par,par,par
2883,401025265,4,3,4,4,4,4,5,5,4,4,3,3,5,4,2,5,4,4,4,4,5,4,4,3,4,4,4,4,2,4,5,3,2,4,5,4,3,2,5,5,3,3,4,4,4,4,3,3,5,4,4,4,6,3,4,4,5,3,3,4,5,5,4,4,3,3,4,4,3,4,5,4,par,par,birdie,par,par,bogie,bogie,bogie,par,par,par,birdie,par,par,birdie,bogie,birdie,par,par,bogie,par,par,par,par,par,par,par,par,birdie,par,par,birdie,birdie,par,par,par,birdie,birdie,par,bogie,birdie,par,par,par,par,par,par,birdie,par,par,bogie,par,bogie,birdie,par,bogie,par,birdie,birdie,bogie,bogie,bogie,par,par,par,birdie,birdie,par,par,par,par,par
5285,401025265,4,3,5,4,5,3,4,5,4,4,3,3,5,4,3,3,5,4,4,3,7,4,4,3,4,4,5,4,3,4,5,4,2,3,5,3,4,2,6,4,3,3,4,4,4,4,3,3,4,4,2,4,5,4,4,3,5,4,5,3,3,4,5,4,3,3,5,4,3,4,5,4,par,par,par,par,bogie,par,par,bogie,par,par,par,birdie,par,par,par,birdie,par,par,par,par,double,par,par,par,par,par,bogie,par,par,par,par,par,birdie,birdie,par,birdie,par,birdie,bogie,par,birdie,par,par,par,par,par,par,birdie,birdie,par,birdie,par,par,par,par,par,par,par,bogie,par,birdie,par,bogie,par,par,birdie,par,par,par,par,par,par
1077,401025265,4,3,5,4,3,3,3,5,4,4,4,3,4,4,3,4,5,4,4,3,5,4,4,3,4,4,4,4,2,4,5,4,4,3,5,3,4,2,5,5,4,4,4,4,4,4,2,3,5,4,3,4,5,4,4,3,5,4,5,3,4,5,4,4,2,3,6,4,3,4,5,4,par,par,par,par,birdie,par,birdie,bogie,par,par,bogie,birdie,birdie,par,par,par,par,par,par,par,par,par,par,par,par,par,par,par,birdie,par,par,par,bogie,birdie,par,birdie,par,birdie,par,bogie,par,bogie,par,par,par,par,birdie,birdie,par,par,par,par,par,par,par,par,par,par,bogie,par,par,bogie,par,par,birdie,birdie,bogie,par,par,par,par,par
619,401025265,4,3,6,4,3,3,4,4,4,4,3,5,4,4,3,3,4,4,4,3,5,3,4,3,4,6,4,4,3,4,5,4,3,4,5,5,4,3,5,4,4,3,4,5,4,4,2,4,5,4,3,4,4,4,4,3,5,4,4,3,4,3,4,5,3,3,5,4,2,4,6,3,par,par,bogie,par,birdie,par,par,par,par,par,par,bogie,birdie,par,par,birdie,birdie,par,par,par,par,birdie,par,par,par,double,par,par,par,par,par,par,par,par,par,bogie,par,par,par,par,par,par,par,bogie,par,par,birdie,par,par,par,par,par,birdie,par,par,par,par,par,par,par,par,birdie,par,bogie,par,birdie,par,par,birdie,par,bogie,birdie
5882,401025265,4,2,5,5,4,3,5,4,4,4,2,3,4,4,3,4,5,4,4,3,6,3,4,3,5,4,4,4,3,4,5,4,2,3,5,4,4,3,4,4,5,3,5,4,3,3,4,4,5,4,4,4,5,4,4,3,5,4,4,4,4,5,4,4,3,3,5,4,2,4,4,4,par,birdie,par,bogie,par,par,bogie,par,par,par,birdie,birdie,birdie,par,par,par,par,par,par,par,bogie,birdie,par,par,bogie,par,par,par,par,par,par,par,birdie,birdie,par,par,par,par,birdie,par,bogie,par,bogie,par,birdie,birdie,bogie,par,par,par,bogie,par,par,par,par,par,par,par,par,bogie,par,bogie,par,par,par,birdie,par,par,birdie,par,birdie,par
1225,401025265,4,3,4,5,4,3,4,3,4,4,5,4,5,5,3,4,4,4,4,3,4,4,5,3,4,4,5,4,3,3,4,4,3,3,5,4,4,3,5,5,4,2,5,4,4,4,3,3,5,4,2,5,4,4,3,3,5,4,3,3,5,4,4,4,3,5,4,4,3,4,5,4,par,par,birdie,bogie,par,par,par,birdie,par,par,double,par,par,bogie,par,par,birdie,par,par,par,birdie,par,bogie,par,par,par,bogie,par,par,birdie,birdie,par,par,birdie,par,par,par,par,par,bogie,par,birdie,bogie,par,par,par,par,birdie,par,par,birdie,bogie,birdie,par,birdie,par,par,par,birdie,par,bogie,par,par,par,par,bogie,birdie,par,par,par,par,par
1037,401025265,4,3,5,4,3,2,4,4,4,4,2,4,5,5,3,3,4,4,5,3,6,4,5,3,4,4,4,4,2,3,5,4,3,4,5,4,4,3,5,5,4,3,5,4,4,5,3,3,4,4,3,3,5,4,4,3,5,3,3,4,4,5,4,4,4,4,5,3,3,4,5,4,par,par,par,par,birdie,birdie,par,par,par,par,birdie,par,par,bogie,par,birdie,birdie,par,bogie,par,bogie,par,bogie,par,par,par,par,par,birdie,birdie,par,par,par,par,par,par,par,par,par,bogie,par,par,bogie,par,par,bogie,par,birdie,birdie,par,par,birdie,par,par,par,par,par,birdie,birdie,bogie,par,bogie,par,par,bogie,par,par,birdie,par,par,par,par
7082,401025265,4,4,5,5,3,3,4,4,4,4,3,4,4,4,3,4,5,5,3,3,4,3,4,4,4,4,4,5,2,4,4,4,4,4,4,4,5,3,4,4,4,3,4,4,4,4,3,3,6,3,3,3,5,4,3,3,5,5,4,4,4,5,4,5,3,3,5,3,2,4,6,4,par,bogie,par,bogie,birdie,par,par,par,par,par,par,par,birdie,par,par,par,par,bogie,birdie,par,birdie,birdie,par,bogie,par,par,par,bogie,birdie,par,birdie,par,bogie,par,birdie,par,bogie,par,birdie,par,par,par,par,par,par,par,par,birdie,bogie,birdie,par,birdie,par,par,birdie,par,par,bogie,par,bogie,par,bogie,par,bogie,par,birdie,par,birdie,birdie,par,bogie,par
3550,401025265,4,3,5,4,5,3,4,4,5,4,3,4,5,5,3,4,3,4,4,4,4,4,3,3,3,4,5,4,2,4,5,3,3,5,4,4,3,3,5,4,4,3,4,4,4,5,4,3,4,4,3,3,4,4,4,2,5,5,3,4,4,4,4,4,3,5,4,4,4,5,5,4,par,par,par,par,bogie,par,par,par,bogie,par,par,par,par,bogie,par,par,eagle,par,par,bogie,birdie,par,birdie,par,birdie,par,bogie,par,birdie,par,par,birdie,par,bogie,birdie,par,birdie,par,par,par,par,par,par,par,par,bogie,bogie,birdie,birdie,par,par,birdie,birdie,par,par,birdie,par,bogie,birdie,bogie,par,par,par,par,par,bogie,birdie,par,bogie,bogie,par,par
1674,401025265,4,3,4,3,4,3,3,5,3,4,4,3,5,4,3,4,5,4,4,3,4,3,5,3,4,4,4,4,3,3,5,5,2,5,4,3,4,4,5,5,4,3,4,4,4,4,3,4,5,4,3,3,4,4,6,3,6,4,4,3,4,4,4,4,3,4,5,3,4,4,5,4,par,par,birdie,birdie,par,par,birdie,bogie,birdie,par,bogie,birdie,par,par,par,par,par,par,par,par,birdie,birdie,bogie,par,par,par,par,par,par,birdie,par,bogie,birdie,bogie,birdie,birdie,par,bogie,par,bogie,par,par,par,par,par,par,par,par,par,par,par,birdie,birdie,par,double,par,bogie,par,par,par,par,par,par,par,par,par,par,birdie,bogie,par,par,par
1059,401025265,4,3,5,3,5,4,4,4,4,3,3,3,5,4,3,5,4,4,4,3,5,3,5,3,4,4,4,5,3,3,4,3,2,4,5,5,4,2,5,3,3,4,3,4,3,5,3,4,5,4,2,4,5,5,5,4,5,5,4,3,4,5,5,4,3,3,5,5,2,4,4,4,par,par,par,birdie,bogie,bogie,par,par,par,birdie,par,birdie,par,par,par,bogie,birdie,par,par,par,par,birdie,bogie,par,par,par,par,bogie,par,birdie,birdie,birdie,birdie,par,par,bogie,par,birdie,par,birdie,birdie,bogie,birdie,par,birdie,bogie,par,par,par,par,birdie,par,par,bogie,bogie,bogie,par,bogie,par,par,par,bogie,bogie,par,par,birdie,par,bogie,birdie,par,birdie,par
9626,401025265,4,3,5,4,4,3,4,4,4,4,3,4,5,4,2,3,4,4,4,4,6,4,4,3,4,4,4,5,3,4,5,4,3,4,5,4,4,3,5,3,4,3,5,4,4,5,4,3,5,4,3,4,5,5,4,4,5,4,3,3,3,4,4,5,3,3,5,3,2,4,4,4,par,par,par,par,par,par,par,par,par,par,par,par,par,par,birdie,birdie,birdie,par,par,bogie,bogie,par,par,par,par,par,par,bogie,par,par,par,par,par,par,par,par,par,par,par,birdie,par,par,bogie,par,par,bogie,bogie,birdie,par,par,par,par,par,bogie,par,bogie,par,par,birdie,par,birdie,par,par,bogie,par,birdie,par,birdie,birdie,par,birdie,par
512,401025265,3,3,4,4,4,4,4,3,4,4,3,4,4,4,3,4,4,4,4,3,5,4,5,2,5,5,4,5,3,3,5,5,3,3,5,5,4,3,5,5,4,3,4,4,5,3,3,3,6,4,2,4,5,5,3,3,5,4,4,3,5,4,4,4,4,3,4,4,2,4,4,5,birdie,par,birdie,par,par,bogie,par,birdie,par,par,par,par,birdie,par,par,par,birdie,par,par,par,par,par,bogie,birdie,bogie,bogie,par,bogie,par,birdie,par,bogie,par,birdie,par,bogie,par,par,par,bogie,par,par,par,par,bogie,birdie,par,birdie,bogie,par,birdie,par,par,bogie,birdie,par,par,par,par,par,bogie,par,par,par,bogie,birdie,birdie,par,birdie,par,birdie,bogie
5704,401025265,4,3,4,4,4,4,5,4,4,4,3,4,5,5,3,4,4,4,4,3,5,4,4,3,5,4,4,4,3,2,5,5,2,4,4,4,4,2,5,4,5,2,4,5,4,4,3,3,5,4,3,5,4,4,4,4,5,5,5,3,4,5,4,4,3,3,5,4,2,3,4,4,par,par,birdie,par,par,bogie,bogie,par,par,par,par,par,par,bogie,par,par,birdie,par,par,par,par,par,par,par,bogie,par,par,par,par,eagle,par,bogie,birdie,par,birdie,par,par,birdie,par,par,bogie,birdie,par,bogie,par,par,par,birdie,par,par,par,bogie,birdie,par,par,bogie,par,bogie,bogie,par,par,bogie,par,par,par,birdie,par,par,birdie,birdie,birdie,par
3793,401025265,3,3,4,3,4,4,4,4,3,3,3,4,5,4,3,4,5,3,4,3,4,4,5,3,4,3,4,4,3,4,4,5,2,4,5,4,4,3,5,4,3,2,6,4,3,5,4,4,5,4,3,4,4,4,5,3,5,4,4,4,4,5,4,5,3,4,4,4,4,5,5,4,birdie,par,birdie,birdie,par,bogie,par,par,birdie,birdie,par,par,par,par,par,par,par,birdie,par,par,birdie,par,bogie,par,par,birdie,par,par,par,par,birdie,bogie,birdie,par,par,par,par,par,par,par,birdie,birdie,double,par,birdie,bogie,bogie,par,par,par,par,par,birdie,par,bogie,par,par,par,par,bogie,par,bogie,par,bogie,par,par,birdie,par,bogie,bogie,par,par
6017,401025265,4,3,5,4,4,3,4,5,4,4,2,3,5,4,4,3,4,5,4,3,5,4,4,3,4,5,4,4,3,4,4,4,3,3,5,6,4,2,5,4,4,4,5,4,4,5,4,5,5,4,2,4,5,4,3,3,5,4,3,3,4,4,4,3,3,4,4,4,3,4,5,4,par,par,par,par,par,par,par,bogie,par,par,birdie,birdie,par,par,bogie,birdie,birdie,bogie,par,par,par,par,par,par,par,bogie,par,par,par,par,birdie,par,par,birdie,par,double,par,birdie,par,par,par,bogie,bogie,par,par,bogie,bogie,bogie,par,par,birdie,par,par,par,birdie,par,par,par,birdie,par,par,par,par,birdie,par,par,birdie,par,par,par,par,par
4321,401025265,4,3,4,4,4,3,3,4,3,4,3,4,5,4,3,4,4,4,3,3,5,4,4,3,4,4,5,4,3,4,5,3,3,4,5,5,4,3,4,4,4,4,5,5,4,4,3,4,6,5,3,4,5,6,3,3,4,4,5,3,5,4,4,3,3,4,4,4,2,5,4,4,par,par,birdie,par,par,par,birdie,par,birdie,par,par,par,par,par,par,par,birdie,par,birdie,par,par,par,par,par,par,par,bogie,par,par,par,par,birdie,par,par,par,bogie,par,par,birdie,par,par,bogie,bogie,bogie,par,par,par,par,bogie,bogie,par,par,par,double,birdie,par,birdie,par,bogie,par,bogie,par,par,birdie,par,par,birdie,par,birdie,bogie,birdie,par
10166,401025265,3,3,5,3,4,3,5,5,4,4,3,4,5,3,3,4,4,5,4,3,5,4,5,4,3,4,4,3,4,3,5,4,2,4,6,4,4,3,5,4,4,3,4,4,4,5,5,3,5,4,3,4,5,4,3,3,4,4,5,3,5,4,4,4,2,4,5,4,3,4,5,3,birdie,par,par,birdie,par,par,bogie,bogie,par,par,par,par,par,birdie,par,par,birdie,bogie,par,par,par,par,bogie,bogie,birdie,par,par,birdie,bogie,birdie,par,par,birdie,par,bogie,par,par,par,par,par,par,par,par,par,par,bogie,double,birdie,par,par,par,par,par,par,birdie,par,birdie,par,bogie,par,bogie,par,par,par,birdie,par,par,par,par,par,par,birdie
3980,401025265,4,3,4,3,4,3,5,4,4,5,3,4,5,4,3,4,4,4,3,3,4,4,5,3,4,4,4,4,3,4,5,3,3,4,5,5,4,2,5,3,6,3,4,5,5,5,4,4,4,3,3,3,6,4,4,3,5,5,4,3,4,4,4,4,3,4,5,4,2,4,4,4,par,par,birdie,birdie,par,par,bogie,par,par,bogie,par,par,par,par,par,par,birdie,par,birdie,par,birdie,par,bogie,par,par,par,par,par,par,par,par,birdie,par,par,par,bogie,par,birdie,par,birdie,double,par,par,bogie,bogie,bogie,bogie,par,birdie,birdie,par,birdie,bogie,par,par,par,par,bogie,par,par,par,par,par,par,par,par,par,par,birdie,par,birdie,par
1613,401025265,4,3,4,4,5,2,5,4,4,4,4,3,5,4,2,3,4,4,3,3,5,4,4,3,4,4,5,4,3,3,5,3,3,3,6,5,4,4,5,4,4,4,4,4,5,4,3,3,6,5,3,5,4,3,4,3,4,5,4,4,5,4,4,3,3,4,5,4,2,4,5,4,par,par,birdie,par,bogie,birdie,bogie,par,par,par,bogie,birdie,par,par,birdie,birdie,birdie,par,birdie,par,par,par,par,par,par,par,bogie,par,par,birdie,par,birdie,par,birdie,bogie,bogie,par,bogie,par,par,par,bogie,par,par,bogie,par,par,birdie,bogie,bogie,par,bogie,birdie,birdie,par,par,birdie,bogie,par,bogie,bogie,par,par,birdie,par,par,par,par,birdie,par,par,par
257,401025265,4,3,4,4,3,4,3,4,6,4,3,4,5,5,3,4,4,5,4,2,5,4,4,3,4,4,4,4,3,3,4,4,3,4,5,5,4,3,5,4,4,3,4,5,4,4,3,3,5,3,3,4,5,5,3,3,5,5,4,3,4,4,3,5,3,3,5,4,3,4,6,4,par,par,birdie,par,birdie,bogie,birdie,par,double,par,par,par,par,bogie,par,par,birdie,bogie,par,birdie,par,par,par,par,par,par,par,par,par,birdie,birdie,par,par,par,par,bogie,par,par,par,par,par,par,par,bogie,par,par,par,birdie,par,birdie,par,par,par,bogie,birdie,par,par,bogie,par,par,par,par,birdie,bogie,par,birdie,par,par,par,par,bogie,par
7161,401025265,4,3,4,3,5,3,4,4,4,4,4,5,5,5,3,4,5,4,4,3,4,4,3,3,5,4,5,4,2,3,5,4,3,4,5,4,4,2,4,4,4,3,4,5,4,4,2,4,5,4,3,4,5,4,4,2,5,5,5,3,3,4,4,4,4,5,5,3,3,5,4,4,par,par,birdie,birdie,bogie,par,par,par,par,par,bogie,bogie,par,bogie,par,par,par,par,par,par,birdie,par,birdie,par,bogie,par,bogie,par,birdie,birdie,par,par,par,par,par,par,par,birdie,birdie,par,par,par,par,bogie,par,par,birdie,par,par,par,par,par,par,par,par,birdie,par,bogie,bogie,par,birdie,par,par,par,bogie,bogie,par,birdie,par,bogie,birdie,par
9517,401025265,4,4,4,4,4,3,4,4,4,4,3,4,4,3,3,3,4,5,4,3,8,4,3,3,4,5,5,4,3,4,5,3,2,4,5,5,4,2,5,4,4,3,5,4,3,5,3,5,5,3,2,3,5,3,4,3,5,4,4,4,4,4,4,4,3,3,5,5,3,5,4,5,par,bogie,birdie,par,par,par,par,par,par,par,par,par,birdie,birdie,par,birdie,birdie,bogie,par,par,double,par,birdie,par,par,bogie,bogie,par,par,par,par,birdie,birdie,par,par,bogie,par,birdie,par,par,par,par,bogie,par,birdie,bogie,par,bogie,par,birdie,birdie,birdie,par,birdie,par,par,par,par,par,bogie,par,par,par,par,par,birdie,par,bogie,par,bogie,birdie,bogie
72,401025265,3,3,4,4,4,3,4,4,3,4,2,4,5,3,3,4,6,4,6,4,5,3,5,4,4,4,4,4,3,3,5,3,3,3,5,5,5,2,5,4,5,3,3,4,4,3,4,4,4,3,3,4,4,5,4,2,5,4,4,4,6,4,3,8,2,3,5,4,3,4,4,5,birdie,par,birdie,par,par,par,par,par,birdie,par,birdie,par,par,birdie,par,par,bogie,par,double,bogie,par,birdie,bogie,bogie,par,par,par,par,par,birdie,par,birdie,par,birdie,par,bogie,bogie,birdie,par,par,bogie,par,birdie,par,par,birdie,bogie,par,birdie,birdie,par,par,birdie,bogie,par,birdie,par,par,par,bogie,double,par,birdie,double,birdie,birdie,par,par,par,par,birdie,bogie
6011,401025265,4,3,5,4,4,4,4,3,4,4,3,3,5,3,2,4,4,4,4,3,6,4,4,3,5,4,4,5,2,4,5,4,2,4,5,3,4,3,4,4,3,2,4,5,3,4,3,3,5,4,3,4,4,4,7,3,6,4,4,3,5,5,4,5,3,4,5,4,2,5,6,4,par,par,par,par,par,bogie,par,birdie,par,par,par,birdie,par,birdie,birdie,par,birdie,par,par,par,bogie,par,par,par,bogie,par,par,bogie,birdie,par,par,par,birdie,par,par,birdie,par,par,birdie,par,birdie,birdie,par,bogie,birdie,par,par,birdie,par,par,par,par,birdie,par,double,par,bogie,par,par,par,bogie,bogie,par,bogie,par,par,par,par,birdie,bogie,bogie,par
159,401025265,4,3,4,3,4,3,5,4,4,4,3,5,5,4,3,4,5,4,3,3,6,5,3,3,4,4,3,3,2,4,5,4,3,4,5,4,4,3,5,5,4,3,5,4,4,4,4,4,5,4,3,4,4,4,3,4,4,4,5,3,4,5,4,5,2,4,5,5,2,4,5,4,par,par,birdie,birdie,par,par,bogie,par,par,par,par,bogie,par,par,par,par,par,par,birdie,par,bogie,bogie,birdie,par,par,par,birdie,birdie,birdie,par,par,par,par,par,par,par,par,par,par,bogie,par,par,bogie,par,par,par,bogie,par,par,par,par,par,birdie,par,birdie,bogie,birdie,par,bogie,par,par,bogie,par,bogie,birdie,par,par,bogie,birdie,par,par,par
4989,401025265,4,3,4,3,4,3,4,5,4,5,3,3,6,3,3,4,5,5,4,3,5,3,3,4,3,4,5,4,3,4,5,4,3,4,5,5,4,3,5,4,4,3,4,5,5,5,3,4,6,3,3,4,6,4,4,2,5,4,4,3,4,4,4,4,3,3,4,4,3,4,4,5,par,par,birdie,birdie,par,par,par,bogie,par,bogie,par,birdie,bogie,birdie,par,par,par,bogie,par,par,par,birdie,birdie,bogie,birdie,par,bogie,par,par,par,par,par,par,par,par,bogie,par,par,par,par,par,par,par,bogie,bogie,bogie,par,par,bogie,birdie,par,par,bogie,par,par,birdie,par,par,par,par,par,par,par,par,par,birdie,birdie,par,par,par,birdie,bogie
446,401025265,3,3,6,4,4,3,4,4,4,4,2,4,5,3,3,5,4,4,3,3,5,4,4,4,4,4,5,4,3,4,5,4,3,4,5,4,3,3,5,4,4,3,5,4,4,4,3,3,4,5,3,3,4,4,4,3,6,5,6,4,3,5,3,5,3,4,5,3,5,4,4,4,birdie,par,bogie,par,par,par,par,par,par,par,birdie,par,par,birdie,par,bogie,birdie,par,birdie,par,par,par,par,bogie,par,par,bogie,par,par,par,par,par,par,par,par,par,birdie,par,par,par,par,par,bogie,par,par,par,par,birdie,birdie,bogie,par,birdie,birdie,par,par,par,bogie,bogie,double,bogie,birdie,bogie,birdie,bogie,par,par,par,birdie,double,par,birdie,par
2552,401025265,4,2,4,4,4,3,4,5,5,4,3,4,5,3,3,4,4,4,4,3,5,4,4,3,5,4,4,4,3,3,5,3,2,4,5,4,4,4,5,4,4,4,5,4,6,4,3,4,5,3,3,4,5,4,3,3,5,4,4,3,4,5,5,5,3,4,5,4,3,4,5,4,par,birdie,birdie,par,par,par,par,bogie,bogie,par,par,par,par,birdie,par,par,birdie,par,par,par,par,par,par,par,bogie,par,par,par,par,birdie,par,birdie,birdie,par,par,par,par,bogie,par,par,par,bogie,bogie,par,double,par,par,par,par,birdie,par,par,par,par,birdie,par,par,par,par,par,par,bogie,bogie,bogie,par,par,par,par,par,par,par,par
2571,401025265,4,3,4,4,4,3,5,4,5,4,3,4,5,3,2,4,5,4,4,3,5,3,5,3,4,4,4,5,3,4,6,4,2,5,4,4,4,3,4,4,4,3,3,5,4,5,3,5,5,4,2,4,5,4,5,3,5,4,3,3,5,6,3,5,3,5,5,4,2,3,4,5,par,par,birdie,par,par,par,bogie,par,bogie,par,par,par,par,birdie,birdie,par,par,par,par,par,par,birdie,bogie,par,par,par,par,bogie,par,par,bogie,par,birdie,bogie,birdie,par,par,par,birdie,par,par,par,birdie,bogie,par,bogie,par,bogie,par,par,birdie,par,par,par,bogie,par,par,par,birdie,par,bogie,double,birdie,bogie,par,bogie,par,par,birdie,birdie,birdie,bogie
4449,401025265,3,3,4,5,5,2,4,5,4,4,2,3,5,3,3,4,6,4,4,4,5,4,5,4,3,5,4,4,3,4,5,4,3,4,4,3,4,2,5,4,4,3,4,4,4,4,3,4,4,4,3,4,4,3,3,3,6,5,5,3,5,4,4,6,3,5,4,5,4,4,5,5,birdie,par,birdie,bogie,bogie,birdie,par,bogie,par,par,birdie,birdie,par,birdie,par,par,bogie,par,par,bogie,par,par,bogie,bogie,birdie,bogie,par,par,par,par,par,par,par,par,birdie,birdie,par,birdie,par,par,par,par,par,par,par,par,par,par,birdie,par,par,par,birdie,birdie,birdie,par,bogie,bogie,bogie,par,bogie,par,par,double,par,bogie,birdie,bogie,bogie,par,par,bogie
4682,401025265,4,3,5,4,4,3,3,4,5,4,3,3,5,4,3,5,5,6,3,3,6,4,4,3,5,3,4,4,3,4,4,4,2,3,6,4,4,3,6,4,4,3,6,5,4,4,4,2,5,4,4,3,5,4,4,3,5,4,4,3,4,4,5,5,4,4,4,3,2,5,4,5,par,par,par,par,par,par,birdie,par,bogie,par,par,birdie,par,par,par,bogie,par,double,birdie,par,bogie,par,par,par,bogie,birdie,par,par,par,par,birdie,par,birdie,birdie,bogie,par,par,par,bogie,par,par,par,double,bogie,par,par,bogie,eagle,par,par,bogie,birdie,par,par,par,par,par,par,par,par,par,par,bogie,bogie,bogie,par,birdie,birdie,birdie,bogie,birdie,bogie
7081,401025265,3,3,4,4,4,4,4,4,4,4,3,3,5,4,3,4,5,4,3,3,4,4,5,3,5,5,3,5,3,4,5,4,3,4,5,4,4,2,6,4,4,3,4,5,4,5,3,5,5,4,3,4,5,4,4,2,6,5,5,2,4,5,4,4,3,4,4,4,3,4,6,4,birdie,par,birdie,par,par,bogie,par,par,par,par,par,birdie,par,par,par,par,par,par,birdie,par,birdie,par,bogie,par,bogie,bogie,birdie,bogie,par,par,par,par,par,par,par,par,par,birdie,bogie,par,par,par,par,bogie,par,bogie,par,bogie,par,par,par,par,par,par,par,birdie,bogie,bogie,bogie,birdie,par,bogie,par,par,par,par,birdie,par,par,par,bogie,par
3449,401025265,4,3,5,4,3,3,5,3,4,4,4,3,5,4,3,4,5,4,4,3,6,4,4,3,4,5,4,5,3,3,5,4,3,4,4,4,4,3,5,4,4,4,4,4,4,5,4,3,5,5,3,4,4,5,3,3,5,4,5,3,5,6,4,5,4,3,4,4,3,4,5,4,par,par,par,par,birdie,par,bogie,birdie,par,par,bogie,birdie,par,par,par,par,par,par,par,par,bogie,par,par,par,par,bogie,par,bogie,par,birdie,par,par,par,par,birdie,par,par,par,par,par,par,bogie,par,par,par,bogie,bogie,birdie,par,bogie,par,par,birdie,bogie,birdie,par,par,par,bogie,par,bogie,double,par,bogie,bogie,birdie,birdie,par,par,par,par,par
5502,401025265,3,2,4,3,4,3,4,5,5,4,3,4,4,4,3,4,4,4,4,3,6,4,4,3,4,5,4,5,3,3,4,4,2,4,7,3,4,3,6,4,5,3,4,4,5,4,4,3,5,4,5,4,5,4,4,4,5,4,4,3,5,4,4,5,2,5,5,5,2,4,5,5,birdie,birdie,birdie,birdie,par,par,par,bogie,bogie,par,par,par,birdie,par,par,par,birdie,par,par,par,bogie,par,par,par,par,bogie,par,bogie,par,birdie,birdie,par,birdie,par,double,birdie,par,par,bogie,par,bogie,par,par,par,bogie,par,bogie,birdie,par,par,double,par,par,par,par,bogie,par,par,par,par,bogie,par,par,bogie,birdie,bogie,par,bogie,birdie,par,par,bogie
1750,401025265,5,3,4,4,3,3,4,5,4,5,3,3,4,4,2,4,5,4,4,3,5,5,4,3,4,5,4,4,2,3,5,5,3,4,5,4,4,3,5,4,4,2,4,4,4,6,4,3,5,6,3,3,5,4,4,4,4,5,4,3,4,5,6,3,3,4,5,4,4,5,4,5,bogie,par,birdie,par,birdie,par,par,bogie,par,bogie,par,birdie,birdie,par,birdie,par,par,par,par,par,par,bogie,par,par,par,bogie,par,par,birdie,birdie,par,bogie,par,par,par,par,par,par,par,par,par,birdie,par,par,par,double,bogie,birdie,par,double,par,birdie,par,par,par,bogie,birdie,bogie,par,par,par,bogie,double,birdie,par,par,par,par,bogie,bogie,birdie,bogie
8974,401025265,3,3,4,5,4,3,3,5,5,4,4,4,5,4,3,4,5,4,4,3,4,4,4,4,4,5,3,4,3,4,5,4,3,4,6,3,,,,,,,,,,,,,,,,,,,,,,,,,,,,,,,,,,,,,birdie,par,birdie,bogie,par,par,birdie,bogie,bogie,par,bogie,par,par,par,par,par,par,par,par,par,birdie,par,par,bogie,par,bogie,birdie,par,par,par,par,par,par,par,bogie,birdie,,,,,,,,,,,,,,,,,,,,,,,,,,,,,,,,,,,,
10140,401025265,3,3,4,4,4,3,5,6,4,4,3,4,5,4,3,4,5,5,4,3,5,4,4,3,4,5,4,4,4,4,4,3,2,4,5,4,,,,,,,,,,,,,,,,,,,,,,,,,,,,,,,,,,,,,birdie,par,birdie,par,par,par,bogie,double,par,par,par,par,par,par,par,par,par,bogie,par,par,par,par,par,par,par,bogie,par,par,bogie,par,birdie,birdie,birdie,par,par,par,,,,,,,,,,,,,,,,,,,,,,,,,,,,,,,,,,,,
110,401025265,4,3,4,4,5,3,4,5,3,4,5,4,5,3,3,4,5,4,3,3,6,4,4,3,4,4,5,5,3,3,5,4,3,3,5,4,,,,,,,,,,,,,,,,,,,,,,,,,,,,,,,,,,,,,par,par,birdie,par,bogie,par,par,bogie,birdie,par,double,par,par,birdie,par,par,par,par,birdie,par,bogie,par,par,par,par,par,bogie,bogie,par,birdie,par,par,par,birdie,par,par,,,,,,,,,,,,,,,,,,,,,,,,,,,,,,,,,,,,
4383,401025265,3,3,5,6,5,4,5,3,4,4,2,3,4,4,3,3,5,4,3,2,5,5,4,2,4,4,5,4,4,5,6,4,3,4,5,4,,,,,,,,,,,,,,,,,,,,,,,,,,,,,,,,,,,,,birdie,par,par,double,bogie,bogie,bogie,birdie,par,par,birdie,birdie,birdie,par,par,birdie,par,par,birdie,birdie,par,bogie,par,birdie,par,par,bogie,par,bogie,bogie,bogie,par,par,par,par,par,,,,,,,,,,,,,,,,,,,,,,,,,,,,,,,,,,,,
9261,401025265,4,3,4,4,5,3,4,4,4,4,2,5,5,4,4,4,4,4,3,3,5,4,4,3,4,4,4,4,3,4,5,5,3,4,5,5,,,,,,,,,,,,,,,,,,,,,,,,,,,,,,,,,,,,,par,par,birdie,par,bogie,par,par,par,par,par,birdie,bogie,par,par,bogie,par,birdie,par,birdie,par,par,par,par,par,par,par,par,par,par,par,par,bogie,par,par,par,bogie,,,,,,,,,,,,,,,,,,,,,,,,,,,,,,,,,,,,
5025,401025265,5,4,5,4,4,3,4,5,4,4,3,5,5,4,3,5,4,4,3,3,5,4,5,3,4,4,4,4,4,3,4,4,2,3,5,4,,,,,,,,,,,,,,,,,,,,,,,,,,,,,,,,,,,,,bogie,bogie,par,par,par,par,par,bogie,par,par,par,bogie,par,par,par,bogie,birdie,par,birdie,par,par,par,bogie,par,par,par,par,par,bogie,birdie,birdie,par,birdie,birdie,par,par,,,,,,,,,,,,,,,,,,,,,,,,,,,,,,,,,,,,
1097,401025265,4,3,4,4,5,4,4,4,5,4,4,3,4,5,3,4,5,5,3,3,5,4,3,3,4,5,4,4,3,4,5,4,2,4,5,4,,,,,,,,,,,,,,,,,,,,,,,,,,,,,,,,,,,,,par,par,birdie,par,bogie,bogie,par,par,bogie,par,bogie,birdie,birdie,bogie,par,par,par,bogie,birdie,par,par,par,birdie,par,par,bogie,par,par,par,par,par,par,birdie,par,par,par,,,,,,,,,,,,,,,,,,,,,,,,,,,,,,,,,,,,
5797,401025265,4,3,5,4,4,4,4,4,5,4,3,4,4,4,3,4,4,4,5,3,6,4,5,3,5,5,4,4,3,3,4,3,3,4,4,4,,,,,,,,,,,,,,,,,,,,,,,,,,,,,,,,,,,,,par,par,par,par,par,bogie,par,par,bogie,par,par,par,birdie,par,par,par,birdie,par,bogie,par,bogie,par,bogie,par,bogie,bogie,par,par,par,birdie,birdie,birdie,par,par,birdie,par,,,,,,,,,,,,,,,,,,,,,,,,,,,,,,,,,,,,
3792,401025265,4,3,5,5,4,3,5,4,4,4,3,4,4,4,2,4,5,5,4,4,6,4,4,4,4,4,4,4,2,3,4,4,3,4,4,5,,,,,,,,,,,,,,,,,,,,,,,,,,,,,,,,,,,,,par,par,par,bogie,par,par,bogie,par,par,par,par,par,birdie,par,birdie,par,par,bogie,par,bogie,bogie,par,par,bogie,par,par,par,par,birdie,birdie,birdie,par,par,par,birdie,bogie,,,,,,,,,,,,,,,,,,,,,,,,,,,,,,,,,,,,
9568,401025265,4,3,4,4,4,3,4,4,5,5,3,3,5,4,4,4,5,3,4,4,5,5,4,3,4,6,4,4,4,3,5,3,3,4,5,3,,,,,,,,,,,,,,,,,,,,,,,,,,,,,,,,,,,,,par,par,birdie,par,par,par,par,par,bogie,bogie,par,birdie,par,par,bogie,par,par,birdie,par,bogie,par,bogie,par,par,par,double,par,par,bogie,birdie,par,birdie,par,par,par,birdie,,,,,,,,,,,,,,,,,,,,,,,,,,,,,,,,,,,,
1483,401025265,3,3,5,4,4,3,5,5,4,4,3,4,5,4,3,4,4,5,4,2,6,5,4,3,4,4,4,4,3,3,5,4,3,4,5,5,,,,,,,,,,,,,,,,,,,,,,,,,,,,,,,,,,,,,birdie,par,par,par,par,par,bogie,bogie,par,par,par,par,par,par,par,par,birdie,bogie,par,birdie,bogie,bogie,par,par,par,par,par,par,par,birdie,par,par,par,par,par,bogie,,,,,,,,,,,,,,,,,,,,,,,,,,,,,,,,,,,,
5409,401025265,4,2,4,4,6,3,4,3,4,5,2,3,5,4,3,6,5,4,3,3,4,4,6,3,5,4,4,5,3,4,5,4,3,4,5,4,,,,,,,,,,,,,,,,,,,,,,,,,,,,,,,,,,,,,par,birdie,birdie,par,double,par,par,birdie,par,bogie,birdie,birdie,par,par,par,double,par,par,birdie,par,birdie,par,double,par,bogie,par,par,bogie,par,par,par,par,par,par,par,par,,,,,,,,,,,,,,,,,,,,,,,,,,,,,,,,,,,,
1185,401025265,3,3,5,4,5,2,4,4,3,4,4,5,4,4,2,3,4,3,4,3,5,4,5,3,5,4,6,5,3,4,5,4,3,4,7,4,,,,,,,,,,,,,,,,,,,,,,,,,,,,,,,,,,,,,birdie,par,par,par,bogie,birdie,par,par,birdie,par,bogie,bogie,birdie,par,birdie,birdie,birdie,birdie,par,par,par,par,bogie,par,bogie,par,double,bogie,par,par,par,par,par,par,double,par,,,,,,,,,,,,,,,,,,,,,,,,,,,,,,,,,,,,
1067,401025265,4,3,4,3,5,3,4,4,4,3,3,5,5,5,3,5,5,4,5,4,5,3,4,4,5,4,4,3,3,4,5,3,3,4,4,5,,,,,,,,,,,,,,,,,,,,,,,,,,,,,,,,,,,,,par,par,birdie,birdie,bogie,par,par,par,par,birdie,par,bogie,par,bogie,par,bogie,par,par,bogie,bogie,par,birdie,par,bogie,bogie,par,par,birdie,par,par,par,birdie,par,par,birdie,bogie,,,,,,,,,,,,,,,,,,,,,,,,,,,,,,,,,,,,
809,401025265,4,3,5,3,5,2,4,4,5,4,3,4,5,3,2,3,5,5,3,4,5,4,4,4,4,4,4,5,4,4,5,5,3,4,5,4,,,,,,,,,,,,,,,,,,,,,,,,,,,,,,,,,,,,,par,par,par,birdie,bogie,birdie,par,par,bogie,par,par,par,par,birdie,birdie,birdie,par,bogie,birdie,bogie,par,par,par,bogie,par,par,par,bogie,bogie,par,par,bogie,par,par,par,par,,,,,,,,,,,,,,,,,,,,,,,,,,,,,,,,,,,,
3832,401025265,3,3,5,4,4,3,4,5,4,5,3,3,5,4,3,4,6,4,4,4,5,4,4,3,4,4,4,4,4,4,5,4,2,4,5,4,,,,,,,,,,,,,,,,,,,,,,,,,,,,,,,,,,,,,birdie,par,par,par,par,par,par,bogie,par,bogie,par,birdie,par,par,par,par,bogie,par,par,bogie,par,par,par,par,par,par,par,par,bogie,par,par,par,birdie,par,par,par,,,,,,,,,,,,,,,,,,,,,,,,,,,,,,,,,,,,
6196,401025265,4,3,5,4,4,3,5,4,4,4,3,4,5,4,3,4,5,4,4,2,5,4,8,3,3,4,4,4,3,3,5,4,3,5,5,4,,,,,,,,,,,,,,,,,,,,,,,,,,,,,,,,,,,,,par,par,par,par,par,par,bogie,par,par,par,par,par,par,par,par,par,par,par,par,birdie,par,par,double,par,birdie,par,par,par,par,birdie,par,par,par,bogie,par,par,,,,,,,,,,,,,,,,,,,,,,,,,,,,,,,,,,,,
5408,401025265,4,4,4,4,5,3,5,4,4,5,4,4,5,4,3,4,4,5,3,3,6,4,4,2,5,4,4,4,3,4,5,5,2,3,5,4,,,,,,,,,,,,,,,,,,,,,,,,,,,,,,,,,,,,,par,bogie,birdie,par,bogie,par,bogie,par,par,bogie,bogie,par,par,par,par,par,birdie,bogie,birdie,par,bogie,par,par,birdie,bogie,par,par,par,par,par,par,bogie,birdie,birdie,par,par,,,,,,,,,,,,,,,,,,,,,,,,,,,,,,,,,,,,
4483,401025265,4,3,5,4,5,3,5,5,4,5,3,4,5,4,3,3,4,4,4,3,4,3,3,4,4,4,5,5,4,4,5,4,3,4,5,4,,,,,,,,,,,,,,,,,,,,,,,,,,,,,,,,,,,,,par,par,par,par,bogie,par,bogie,bogie,par,bogie,par,par,par,par,par,birdie,birdie,par,par,par,birdie,birdie,birdie,bogie,par,par,bogie,bogie,bogie,par,par,par,par,par,par,par,,,,,,,,,,,,,,,,,,,,,,,,,,,,,,,,,,,,
4591,401025265,4,3,5,4,5,3,4,7,4,5,3,5,5,5,2,4,4,4,4,4,5,5,3,4,4,5,5,3,3,3,4,4,2,4,4,3,,,,,,,,,,,,,,,,,,,,,,,,,,,,,,,,,,,,,par,par,par,par,bogie,par,par,double,par,bogie,par,bogie,par,bogie,birdie,par,birdie,par,par,bogie,par,bogie,birdie,bogie,par,bogie,bogie,birdie,par,birdie,birdie,par,birdie,par,birdie,birdie,,,,,,,,,,,,,,,,,,,,,,,,,,,,,,,,,,,,
208,401025265,4,3,5,4,3,3,4,4,4,4,4,4,5,4,3,4,5,7,4,3,5,4,5,4,4,5,4,5,3,3,5,4,2,4,4,4,,,,,,,,,,,,,,,,,,,,,,,,,,,,,,,,,,,,,par,par,par,par,birdie,par,par,par,par,par,bogie,par,par,par,par,par,par,double,par,par,par,par,bogie,bogie,par,bogie,par,bogie,par,birdie,par,par,birdie,par,birdie,par,,,,,,,,,,,,,,,,,,,,,,,,,,,,,,,,,,,,
6086,401025265,4,3,5,3,4,3,4,5,5,4,4,4,5,5,2,4,5,5,3,4,6,4,3,4,4,5,5,4,3,3,4,4,3,4,5,4,,,,,,,,,,,,,,,,,,,,,,,,,,,,,,,,,,,,,par,par,par,birdie,par,par,par,bogie,bogie,par,bogie,par,par,bogie,birdie,par,par,bogie,birdie,bogie,bogie,par,birdie,bogie,par,bogie,bogie,par,par,birdie,birdie,par,par,par,par,par,,,,,,,,,,,,,,,,,,,,,,,,,,,,,,,,,,,,
78,401025265,4,3,5,4,5,4,3,5,5,6,3,3,4,5,4,4,7,4,4,3,5,4,3,3,4,4,3,5,2,3,5,3,3,4,5,5,,,,,,,,,,,,,,,,,,,,,,,,,,,,,,,,,,,,,par,par,par,par,bogie,bogie,birdie,bogie,bogie,double,par,birdie,birdie,bogie,bogie,par,double,par,par,par,par,par,birdie,par,par,par,birdie,bogie,birdie,birdie,par,birdie,par,par,par,bogie,,,,,,,,,,,,,,,,,,,,,,,,,,,,,,,,,,,,
569,401025265,5,3,5,4,4,3,4,4,4,3,4,4,4,5,3,4,4,5,4,3,5,4,6,3,5,4,4,5,3,4,5,4,3,4,5,3,,,,,,,,,,,,,,,,,,,,,,,,,,,,,,,,,,,,,bogie,par,par,par,par,par,par,par,par,birdie,bogie,par,birdie,bogie,par,par,birdie,bogie,par,par,par,par,double,par,bogie,par,par,bogie,par,par,par,par,par,par,par,birdie,,,,,,,,,,,,,,,,,,,,,,,,,,,,,,,,,,,,
377,401025265,4,3,4,4,4,3,5,5,4,3,3,3,5,4,3,4,5,5,4,3,5,5,4,4,5,4,4,6,3,3,5,5,3,3,5,4,,,,,,,,,,,,,,,,,,,,,,,,,,,,,,,,,,,,,par,par,birdie,par,par,par,bogie,bogie,par,birdie,par,birdie,par,par,par,par,par,bogie,par,par,par,bogie,par,bogie,bogie,par,par,double,par,birdie,par,bogie,par,birdie,par,par,,,,,,,,,,,,,,,,,,,,,,,,,,,,,,,,,,,,
2283,401025265,4,3,5,4,5,2,4,5,5,4,3,4,5,4,3,4,6,5,4,3,5,4,4,3,3,5,4,4,3,4,6,4,3,4,5,4,,,,,,,,,,,,,,,,,,,,,,,,,,,,,,,,,,,,,par,par,par,par,bogie,birdie,par,bogie,bogie,par,par,par,par,par,par,par,bogie,bogie,par,par,par,par,par,par,birdie,bogie,par,par,par,par,bogie,par,par,par,par,par,,,,,,,,,,,,,,,,,,,,,,,,,,,,,,,,,,,,
6689,401025265,5,3,4,4,4,4,4,5,4,4,4,4,5,4,2,4,5,4,4,4,6,5,4,3,4,6,4,4,3,4,4,4,3,4,4,4,,,,,,,,,,,,,,,,,,,,,,,,,,,,,,,,,,,,,bogie,par,birdie,par,par,bogie,par,bogie,par,par,bogie,par,par,par,birdie,par,par,par,par,bogie,bogie,bogie,par,par,par,double,par,par,par,par,birdie,par,par,par,birdie,par,,,,,,,,,,,,,,,,,,,,,,,,,,,,,,,,,,,,
3596,401025265,4,3,4,4,5,3,5,5,4,3,3,4,4,5,3,4,5,4,4,5,6,4,4,3,5,5,3,6,3,4,4,4,3,4,5,3,,,,,,,,,,,,,,,,,,,,,,,,,,,,,,,,,,,,,par,par,birdie,par,bogie,par,bogie,bogie,par,birdie,par,par,birdie,bogie,par,par,par,par,par,double,bogie,par,par,par,bogie,bogie,birdie,double,par,par,birdie,par,par,par,par,birdie,,,,,,,,,,,,,,,,,,,,,,,,,,,,,,,,,,,,
3857,401025265,4,3,4,4,4,4,4,4,5,4,4,4,5,3,2,5,4,4,4,4,7,4,5,3,4,4,5,6,3,3,5,4,3,4,5,4,,,,,,,,,,,,,,,,,,,,,,,,,,,,,,,,,,,,,par,par,birdie,par,par,bogie,par,par,bogie,par,bogie,par,par,birdie,birdie,bogie,birdie,par,par,bogie,double,par,bogie,par,par,par,bogie,double,par,birdie,par,par,par,par,par,par,,,,,,,,,,,,,,,,,,,,,,,,,,,,,,,,,,,,
9780,401025265,5,3,4,3,5,3,5,5,4,4,4,4,5,5,4,4,4,4,3,3,5,6,4,3,4,4,5,5,3,4,5,4,3,4,4,4,,,,,,,,,,,,,,,,,,,,,,,,,,,,,,,,,,,,,bogie,par,birdie,birdie,bogie,par,bogie,bogie,par,par,bogie,par,par,bogie,bogie,par,birdie,par,birdie,par,par,double,par,par,par,par,bogie,bogie,par,par,par,par,par,par,birdie,par,,,,,,,,,,,,,,,,,,,,,,,,,,,,,,,,,,,,
1935,401025265,4,3,5,3,4,3,5,5,5,4,3,4,5,4,3,3,5,4,4,3,5,4,4,3,5,4,4,5,3,5,5,4,3,7,5,3,,,,,,,,,,,,,,,,,,,,,,,,,,,,,,,,,,,,,par,par,par,birdie,par,par,bogie,bogie,bogie,par,par,par,par,par,par,birdie,par,par,par,par,par,par,par,par,bogie,par,par,bogie,par,bogie,par,par,par,double,par,birdie,,,,,,,,,,,,,,,,,,,,,,,,,,,,,,,,,,,,
9076,401025265,5,3,5,4,4,2,5,4,4,4,2,5,5,4,3,4,5,5,4,4,5,4,4,3,4,5,4,4,5,4,5,4,2,4,6,5,,,,,,,,,,,,,,,,,,,,,,,,,,,,,,,,,,,,,bogie,par,par,par,par,birdie,bogie,par,par,par,birdie,bogie,par,par,par,par,par,bogie,par,bogie,par,par,par,par,par,bogie,par,par,double,par,par,par,birdie,par,bogie,bogie,,,,,,,,,,,,,,,,,,,,,,,,,,,,,,,,,,,,
9804,401025265,4,3,5,4,4,3,5,5,5,4,3,4,6,4,3,4,4,5,3,3,5,5,5,3,4,4,4,4,5,4,5,5,2,4,5,4,,,,,,,,,,,,,,,,,,,,,,,,,,,,,,,,,,,,,par,par,par,par,par,par,bogie,bogie,bogie,par,par,par,bogie,par,par,par,birdie,bogie,birdie,par,par,bogie,bogie,par,par,par,par,par,double,par,par,bogie,birdie,par,par,par,,,,,,,,,,,,,,,,,,,,,,,,,,,,,,,,,,,,
9569,401025265,4,3,5,4,4,3,5,4,5,5,3,4,5,4,3,4,5,4,4,3,6,4,4,3,4,6,4,4,4,4,5,3,3,4,5,5,,,,,,,,,,,,,,,,,,,,,,,,,,,,,,,,,,,,,par,par,par,par,par,par,bogie,par,bogie,bogie,par,par,par,par,par,par,par,par,par,par,bogie,par,par,par,par,double,par,par,bogie,par,par,birdie,par,par,par,bogie,,,,,,,,,,,,,,,,,,,,,,,,,,,,,,,,,,,,
3970,401025265,4,2,5,4,4,4,5,5,5,5,3,4,5,4,3,3,5,5,4,4,6,4,4,3,4,4,4,4,4,3,5,5,3,5,5,4,,,,,,,,,,,,,,,,,,,,,,,,,,,,,,,,,,,,,par,birdie,par,par,par,bogie,bogie,bogie,bogie,bogie,par,par,par,par,par,birdie,par,bogie,par,bogie,bogie,par,par,par,par,par,par,par,bogie,birdie,par,bogie,par,bogie,par,par,,,,,,,,,,,,,,,,,,,,,,,,,,,,,,,,,,,,
10505,401025265,4,3,4,4,5,3,4,5,4,5,3,3,6,5,3,4,5,5,3,4,6,3,6,1,5,4,4,7,4,3,5,3,3,3,6,5,,,,,,,,,,,,,,,,,,,,,,,,,,,,,,,,,,,,,par,par,birdie,par,bogie,par,par,bogie,par,bogie,par,birdie,bogie,bogie,par,par,par,bogie,birdie,bogie,bogie,birdie,double,eagle,bogie,par,par,double,bogie,birdie,par,birdie,par,birdie,bogie,bogie,,,,,,,,,,,,,,,,,,,,,,,,,,,,,,,,,,,,
8906,401025265,4,3,5,4,5,3,6,3,5,5,2,5,5,4,3,4,4,5,4,4,5,5,3,3,5,4,5,3,3,4,5,5,4,4,6,4,,,,,,,,,,,,,,,,,,,,,,,,,,,,,,,,,,,,,par,par,par,par,bogie,par,double,birdie,bogie,bogie,birdie,bogie,par,par,par,par,birdie,bogie,par,bogie,par,bogie,birdie,par,bogie,par,bogie,birdie,par,par,par,bogie,bogie,par,bogie,par,,,,,,,,,,,,,,,,,,,,,,,,,,,,,,,,,,,,
3532,401025265,4,3,5,4,4,4,5,5,5,4,4,5,5,4,3,4,4,4,5,3,6,4,4,4,4,5,4,4,3,4,5,4,3,4,5,4,,,,,,,,,,,,,,,,,,,,,,,,,,,,,,,,,,,,,par,par,par,par,par,bogie,bogie,bogie,bogie,par,bogie,bogie,par,par,par,par,birdie,par,bogie,par,bogie,par,par,bogie,par,bogie,par,par,par,par,par,par,par,par,par,par,,,,,,,,,,,,,,,,,,,,,,,,,,,,,,,,,,,,
5462,401025265,4,3,5,4,4,4,5,5,3,5,3,3,5,5,3,6,6,5,,,,,,,,,,,,,,,,,,,,,,,,,,,,,,,,,,,,,,,,,,,,,,,,,,,,,,,par,par,par,par,par,bogie,bogie,bogie,birdie,bogie,par,birdie,par,bogie,par,double,bogie,bogie,,,,,,,,,,,,,,,,,,,,,,,,,,,,,,,,,,,,,,,,,,,,,,,,,,,,,,
